<?xml version="1.0" encoding="UTF-8" ?>

<!DOCTYPE module_updates PUBLIC "-//NetBeans//DTD Autoupdate Catalog 2.6//EN" "http://www.netbeans.org/dtds/autoupdate-catalog-2_6.dtd">
<module_updates timestamp="18/57/22/12/05/2011">


<module_group name="Java Web and EE">

<module codenamebase="org.icefaces.netbeans.modules.web.frameworks.support" distribution="org-icefaces-netbeans-modules-web-frameworks-support.nbm" downloadsize="35670" homepage="http://www.icefaces.org" license="FC3C3C62" moduleauthor="ICEsoft Technologies, Inc." needsrestart="false" releasedate="2011/05/12">
    <manifest AutoUpdate-Show-In-Client="true" OpenIDE-Module="org.icefaces.netbeans.modules.web.frameworks.support/0" OpenIDE-Module-Display-Category="Java Web and EE" OpenIDE-Module-Implementation-Version="0" OpenIDE-Module-Java-Dependencies="Java &gt; 1.6" OpenIDE-Module-Long-Description="ICEfaces 2 facelets xhtml page design time editor support, with palette items and templates" OpenIDE-Module-Module-Dependencies="org.netbeans.modules.editor/3 &gt; 1.56.1.5.13.8, org.netbeans.modules.editor.indent/2 &gt; 1.23.1, org.netbeans.modules.editor.lib/3 &gt; 3.8.1.13.8, org.netbeans.modules.web.jsf/1 = 2, org.openide.filesystems &gt; 7.45.1, org.openide.loaders &gt; 7.19.1, org.openide.nodes &gt; 7.20.1, org.openide.text &gt; 6.36.1, org.openide.util &gt; 8.14.1, org.openide.util.lookup &gt; 8.6.1" OpenIDE-Module-Name="ICEfaces 2 Editor Support" OpenIDE-Module-Requires="org.openide.modules.ModuleFormat1" OpenIDE-Module-Short-Description="ICEfaces 2 page design time editor support" OpenIDE-Module-Specification-Version="7.0.0.0.2"/>
    
</module>

</module_group>

<module_group name="Web &amp; Java EE">

<module codenamebase="org.netbeans.modules.icefaceslib" distribution="org-netbeans-modules-icefaceslib.nbm" downloadsize="4817440" homepage="http://www.icefaces.org" license="4C1203CA" moduleauthor="ICEsoft Technologies, Inc." needsrestart="false" releasedate="2011/05/12">
    <manifest AutoUpdate-Show-In-Client="true" OpenIDE-Module="org.netbeans.modules.icefaceslib/0" OpenIDE-Module-Display-Category="Web &amp; Java EE" OpenIDE-Module-Implementation-Version="0" OpenIDE-Module-Java-Dependencies="Java &gt; 1.6" OpenIDE-Module-Long-Description="Includes ICEfaces 2.0.2 libraries and corresponding library definitions. ICEfaces core, ice and ace component libraries, and ICEpush library are all included." OpenIDE-Module-Name="ICEfaces 2 Library Module" OpenIDE-Module-Requires="org.openide.modules.ModuleFormat1" OpenIDE-Module-Short-Description="Bundles ICEfaces 2.0.2 libraries" OpenIDE-Module-Specification-Version="2.0.2.0"/>
    
</module>

<module codenamebase="org.netbeans.modules.web.frameworks.icefaces" distribution="org-netbeans-modules-web-frameworks-icefaces.nbm" downloadsize="25712" homepage="http://www.icefaces.org" license="FC3C3C62" moduleauthor="ICEsoft Technologies, Inc." needsrestart="false" releasedate="2011/05/12">
    <manifest AutoUpdate-Show-In-Client="true" OpenIDE-Module="org.netbeans.modules.web.frameworks.icefaces/0" OpenIDE-Module-Display-Category="Web &amp; Java EE" OpenIDE-Module-Implementation-Version="0" OpenIDE-Module-Java-Dependencies="Java &gt; 1.5" OpenIDE-Module-Long-Description="Provides ICEfaces 2 framework as an optional extension of JSF Framework in Web Project under Netbeans 7." OpenIDE-Module-Module-Dependencies="org.jdesktop.layout/1 &gt; 1.3.23, org.netbeans.api.java.classpath/1 &gt; 1.28.1, org.netbeans.api.progress/1 &gt; 1.23.1, org.netbeans.api.web.webmodule &gt; 1.22.1, org.netbeans.modules.autoupdate.services &gt; 1.25.1, org.netbeans.modules.autoupdate.ui &gt; 1.22.1, org.netbeans.modules.j2ee.core/0-1 &gt; 1.7.1, org.netbeans.modules.j2ee.dd/1 &gt; 1.20.1.2, org.netbeans.modules.j2eeserver/4 &gt; 1.77.1.1, org.netbeans.modules.java.project/1 &gt; 1.37.1, org.netbeans.modules.options.api/1 &gt; 1.21.1, org.netbeans.modules.project.ant/1 &gt; 1.12.22, org.netbeans.modules.project.libraries/1 &gt; 1.28.1, org.netbeans.modules.projectapi/1 &gt; 1.35.1, org.netbeans.modules.projectuiapi/1 &gt; 1.50.1.8, org.netbeans.modules.web.jsf/1 = 2, org.netbeans.modules.xml.xam/1 &gt; 1.13.1.1, org.openide.awt &gt; 7.30.1, org.openide.dialogs &gt; 7.18.1, org.openide.filesystems &gt; 7.46.1, org.openide.loaders &gt; 7.20.1, org.openide.nodes &gt; 7.20.1, org.openide.text &gt; 6.36.1, org.openide.util &gt; 8.14.1, org.openide.util.lookup &gt; 8.6.1" OpenIDE-Module-Name="ICEfaces Framework" OpenIDE-Module-Requires="org.openide.modules.ModuleFormat1" OpenIDE-Module-Short-Description="ICEfaces Project Support" OpenIDE-Module-Specification-Version="7.0.0.0.2"/>
    
</module>

</module_group>

<license name="4C1203CA" url="licenses/4C1203CA.license"/>
<license name="FC3C3C62" url="licenses/FC3C3C62.license"/>
</module_updates>

